Title,Price,Date
Got Data Funny Business Data Analyst T-Shirt,12.97,2025-02-10
Got Data Funny Business Data Analyst T-Shirt,12.97,2025-02-10
Got Data Funny Business Data Analyst T-Shirt,12.97,2025-02-10
Got Data Funny Business Data Analyst T-Shirt,12.97,2025-02-10
Got Data Funny Business Data Analyst T-Shirt,12.97,2025-02-10
Got Data Funny Business Data Analyst T-Shirt,12.97,2025-02-10
Got Data Funny Business Data Analyst T-Shirt,12.97,2025-02-10
Got Data Funny Business Data Analyst T-Shirt,12.97,2025-02-10
Got Data Funny Business Data Analyst T-Shirt,12.97,2025-02-10
Got Data Funny Business Data Analyst T-Shirt,12.97,2025-02-10
Got Data Funny Business Data Analyst T-Shirt,12.97,2025-02-10
Got Data Funny Business Data Analyst T-Shirt,12.97,2025-02-10
Got Data Funny Business Data Analyst T-Shirt,12.97,2025-02-10
Got Data Funny Business Data Analyst T-Shirt,12.97,2025-02-10
Got Data Funny Business Data Analyst T-Shirt,12.97,2025-02-10
Got Data Funny Business Data Analyst T-Shirt,12.97,2025-02-10
Got Data Funny Business Data Analyst T-Shirt,12.97,2025-02-10
